Keyword,Intents,Volume,Keyword Difficulty,CPC,Competition Density,housecanary.com,bricked.ai,dealcheck.io,housecanary.com (pages),bricked.ai (pages),dealcheck.io (pages),Results
real estate flipping software,Informational,320,10,7.51,0.23,25,52,5,https://www.housecanary.com/blog/real-estate-investment-software,https://bricked.ai/best,https://dealcheck.io/features/house-flipping-calculator/,111
best house flipping software,Commercial,170,15,4.26,0.16,45,23,6,https://www.housecanary.com/blog/real-estate-investment-software,https://bricked.ai/best/house-flipping-software,https://dealcheck.io/features/house-flipping-calculator/,173
arv cost,Informational,90,13,7.17,0.25,29,22,57,https://www.housecanary.com/blog/arv,https://bricked.ai/best/arv-calculators-for-acquisition-teams,https://help.dealcheck.io/en/articles/3591359-calculated-arv-estimate,129
home flipping software,Informational,90,9,4.89,0.27,25,10,6,https://www.housecanary.com/blog/real-estate-investment-software,https://bricked.ai/best/house-flipping-software,https://dealcheck.io/features/house-flipping-calculator/,174
deal analyzer software,Commercial,50,15,0.00,0.33,13,22,1,https://www.housecanary.com/blog/real-estate-investment-software,https://bricked.ai/best/deal-analysis-software-for-real-estate-agents,https://dealcheck.io/,100
best software for flipping houses,Commercial,40,10,0.00,0.00,27,18,7,https://www.housecanary.com/blog/real-estate-investment-software,https://bricked.ai/best/house-flipping-software,https://dealcheck.io/features/house-flipping-calculator/,82
best software for house flippers,Commercial,40,11,0.00,0.00,47,27,9,https://www.housecanary.com/blog/real-estate-investment-software,https://bricked.ai/best/house-flipping-software,https://dealcheck.io/features/house-flipping-calculator/,170
software for flipping houses,Informational,40,10,4.89,0.27,33,17,7,https://www.housecanary.com/blog/real-estate-investment-software,https://bricked.ai/best/house-flipping-software,https://dealcheck.io/features/house-flipping-calculator/,113
real estate comp software,Informational,30,20,9.49,0.77,16,12,5,https://www.housecanary.com/blog/real-estate-investment-software,https://bricked.ai/best/comping-software,https://dealcheck.io/,115
