Keyword,Position,Previous position,Search Volume,Keyword Difficulty,CPC,URL,Traffic,Traffic (%),Traffic Cost,Competition,Number of Results,Trends,Timestamp,SERP Features by Keyword,Keyword Intents,Position Type
bricked ai,1,1,320,35,6.17,https://bricked.ai/,256,80.25,1579.00,0.09,0,"0, 0, 0, 2, 23, 2, 19, 81, 66, 100, 100, 100",2026-08-18,"Sitelinks, Video, Video Carousel, People also ask, Related searches",navigational,Organic
arv calculator,6,6,1300,7,2.36,https://bricked.ai/best/arv-calculators-for-real-estate-investors,31,9.71,73.00,0.48,121,"84, 68, 68, 68, 68, 68, 68, 68, 68, 68, 52, 52",2026-09-13,"Reviews, Video, People also ask, Related searches, AI overview",commercial,Organic
brickedai,1,1,110,23,0.04,https://bricked.ai/,27,8.46,1.00,0.01,169,"18, 100, 29, 14, 14, 10, 18, 18, 14, 10, 4, 18",2026-08-12,"Sitelinks, Reviews, Video, Related searches",informational,Organic
house flipping software,9,9,590,9,4.89,https://bricked.ai/best/house-flipping-software,2,0.62,9.00,0.27,111,"59, 59, 48, 48, 59, 72, 100, 59, 59, 48, 48, 48",2026-09-18,"Sitelinks, Reviews, Video, Video Carousel, People also ask, Related searches, AI overview",informational,Organic
wholesaling software,5,5,70,3,21.35,https://bricked.ai/best/wholesaling-software,1,0.31,21.00,0.45,188,"41, 52, 64, 41, 52, 64, 82, 29, 52, 29, 29, 17",2026-09-12,"Reviews, Video, Video Carousel, People also ask, Related searches, AI overview","commercial, informational",Organic
chatarv,10,10,1900,24,0.00,https://bricked.ai/alternatives/chatarv-alternatives,1,0.31,0.00,0.33,108,"28, 24, 28, 66, 100, 15, 36, 28, 19, 5, 15, 4",2026-09-13,"Sitelinks, Reviews, Video, Video Carousel, People also ask, Related searches",navigational,Organic
real estate comp software,1,1,30,20,9.49,https://bricked.ai/,1,0.31,9.00,0.77,115,"45, 36, 18, 18, 18, 18, 18, 27, 27, 36, 18, 9",2026-09-13,"Sitelinks, Reviews, Video, Video Carousel, People also ask, Related searches, AI overview",informational,AI overview
flashcma,27,27,40,11,17.34,https://bricked.ai/best/cma-software-for-real-estate-agents,0,0,0.00,0.33,151,"18, 100, 18, 36, 18, 18, 18, 18, 63, 45, 18, 18",2026-08-20,"Sitelinks, Reviews, Video, AI overview",navigational,Organic
new silver arv calculator,17,17,40,10,4.21,https://bricked.ai/best/arv-calculators-for-real-estate-investors,0,0,0.00,0.34,100,"45, 36, 27, 100, 81, 18, 27, 36, 27, 18, 18, 36",2026-09-05,"Reviews, Video, Related searches",informational,Organic
flipping software,18,18,320,14,6.57,https://bricked.ai/best/house-flipping-software,0,0,0.00,0.09,112,"66, 66, 82, 82, 82, 82, 100, 100, 100, 82, 82, 82",2026-09-16,"Reviews, Video, Video Carousel, People also ask, Related searches, AI overview",informational,Organic
house flipping tools,20,20,70,4,0.00,https://bricked.ai/best/house-flipping-software,0,0,0.00,0.03,176,"64, 64, 23, 11, 11, 41, 17, 64, 17, 17, 64, 29",2026-08-29,"Reviews, Video, Video Carousel, People also ask, Related searches, AI overview",informational,Organic
software for flipping houses,17,17,40,10,4.89,https://bricked.ai/best/house-flipping-software,0,0,0.00,0.27,113,"28, 42, 28, 42, 57, 57, 100, 57, 42, 71, 57, 42",2026-09-13,"Sitelinks, Reviews, Video, People also ask, Related searches, AI overview",informational,Organic
chat arv ai,20,20,110,24,4.66,https://bricked.ai/alternatives/chatarv-alternatives,0,0,0.00,0.1,106,"2, 17, 2, 82, 100, 53, 43, 43, 5, 5, 5, 5",2026-09-16,"Sitelinks, Reviews, Video, People also ask, Related searches, AI overview","informational, navigational",Organic
cma tool,30,30,70,17,5.35,https://bricked.ai/best/cma-software,0,0,0.00,0.66,158,"44, 77, 100, 77, 77, 55, 100, 100, 77, 55, 44, 77",2026-08-31,"Reviews, Video, Video Carousel, People also ask, Related searches, AI overview",commercial,Organic
cma tool,67,67,70,17,5.35,https://bricked.ai/best/cma-software-for-real-estate-investors,0,0,0.00,0.66,158,"44, 77, 100, 77, 77, 55, 100, 100, 77, 55, 44, 77",2026-08-31,"Reviews, Video, Video Carousel, People also ask, Related searches, AI overview",commercial,Organic
free arv calculator,18,18,480,4,2.39,https://bricked.ai/best/arv-calculators-for-real-estate-investors,0,0,0.00,0.62,113,"23, 54, 54, 66, 81, 81, 100, 100, 100, 100, 81, 81",2026-08-28,"Reviews, Video, People also ask, Related searches, AI overview",commercial,Organic
free propstream alternative,22,22,30,13,9.07,https://bricked.ai/alternatives/propstream-alternatives,0,0,0.00,0.6,113,"7, 7, 11, 7, 11, 15, 15, 7, 15, 7, 19, 15",2026-09-13,"Video, People also ask, Related searches, AI overview",informational,Organic
ai comps,15,15,30,10,7.39,https://bricked.ai/best/comping-software,0,0,0.00,0.36,129,"11, 23, 41, 11, 23, 11, 11, 11, 11, 11, 11, 11",2026-09-04,"Reviews, Video, People also ask, Related searches, AI overview",informational,Organic
best cma tool for realtors,34,34,70,16,9.20,https://bricked.ai/best/cma-software-for-real-estate-agents,0,0,0.00,0.86,152,"63, 81, 81, 100, 100, 81, 81, 81, 63, 45, 45, 45",2026-09-13,"Sitelinks, Reviews, Video Carousel, People also ask, Related searches, AI overview",commercial,Organic
cma software for real estate agents,73,73,50,20,10.28,https://bricked.ai/best/cma-software,0,0,0.00,0.48,147,"19, 19, 26, 26, 19, 19, 15, 15, 11, 42, 15, 7",2026-08-05,"Sitelinks, Reviews, Video, Related searches, AI overview",informational,Organic
ai arv calculator,9,9,40,2,3.19,https://bricked.ai/best/arv-calculators,0,0,0.00,0.99,109,"0, 5, 100, 17, 17, 17, 17, 23, 29, 23, 23",2026-09-04,"Reviews, Video, People also ask, Related searches, AI overview",informational,Organic
try not to get bricked,57,57,140,23,0.00,https://bricked.ai/,0,0,0.00,0.33,170,"34, 53, 42, 42, 53, 42, 42, 53, 34, 42, 65, 65",2026-08-03,"Sitelinks, Reviews, Video, People also ask, Related searches, AI overview",informational,Organic
house flipping software reviews,1,1,40,9,0.00,https://bricked.ai/best/house-flipping-software,0,0,0.00,0.33,109,"22, 44, 55, 22, 44, 77, 55, 100, 33, 33, 33, 22",2026-09-07,"Sitelinks, Reviews, Video, Video Carousel, People also ask, Related searches, Discussions and forums, AI overview",commercial,AI overview
house flipping software reviews,24,24,40,9,0.00,https://bricked.ai/best/house-flipping-software,0,0,0.00,0.33,109,"22, 44, 55, 22, 44, 77, 55, 100, 33, 33, 33, 22",2026-09-07,"Sitelinks, Reviews, Video, Video Carousel, People also ask, Related searches, Discussions and forums, AI overview",commercial,Organic
free cma real estate tool,64,64,140,12,3.70,https://bricked.ai/best/cma-software-for-real-estate-agents,0,0,0.00,0.81,126,"34, 65, 65, 34, 42, 65, 53, 53, 53, 65, 42, 42",2026-09-04,"Sitelinks, Reviews, Video, Video Carousel, People also ask, Related searches, AI overview",informational,Organic
comp websites,21,21,140,24,1.13,https://bricked.ai/best/comping-software,0,0,0.00,0.69,106,"42, 26, 42, 42, 80, 80, 65, 42, 65, 53, 26, 53",2026-09-13,"Video, Related searches, AI overview",informational,Organic
best software for house flippers,27,27,40,11,0.00,https://bricked.ai/best/house-flipping-software,0,0,0.00,0,170,"100, 71, 71, 71, 57, 57, 42, 42, 42, 57, 42, 42",2026-09-07,"Sitelinks, Reviews, Video, People also ask, Popular products, Related searches, Discussions and forums",commercial,Organic
best software for house flippers,50,50,40,11,0.00,https://bricked.ai/best/comping-software-for-house-flippers,0,0,0.00,0,170,"100, 71, 71, 71, 57, 57, 42, 42, 42, 57, 42, 42",2026-09-07,"Sitelinks, Reviews, Video, People also ask, Popular products, Related searches, Discussions and forums",commercial,Organic
real estate cma software,28,28,210,25,12.23,https://bricked.ai/best/cma-software-for-real-estate-agents,0,0,0.00,0.51,117,"54, 54, 54, 43, 43, 43, 43, 35, 29, 35, 22, 22",2026-09-14,"Reviews, Video, People also ask, Related searches, AI overview","commercial, informational",Organic
best pre-listing repair roi analysis platforms,6,6,50,0,0.00,https://bricked.ai/best/repair-estimate-software-for-real-estate-investors,0,0,0.00,0,151,"100, 80",2026-09-20,"Reviews, Video, Video Carousel, People also ask, Related searches, AI overview","commercial, informational",Organic
best pre-listing repair roi analysis platforms,71,71,50,0,0.00,https://bricked.ai/best/deal-analysis-software,0,0,0.00,0,151,"100, 80",2026-09-20,"Reviews, Video, Video Carousel, People also ask, Related searches, AI overview","commercial, informational",Organic
brick.ai,73,73,50,44,13.31,https://bricked.ai/,0,0,0.00,0.22,498000000,"0, 0, 0, 100, 0, 0, 0, 1, 0, 0, 0, 0",2026-09-17,"Reviews, Video, People also ask, AI overview",navigational,Organic
home flipping software,10,0,90,9,4.89,https://bricked.ai/best/house-flipping-software,0,0,0.00,0.27,174,"35, 78, 50, 50, 35, 35, 64, 35, 78, 64, 78, 50",2026-09-22,"Sitelinks, Reviews, Video, Video Carousel, People also ask, Related searches, AI overview",informational,Organic
cma generator,49,49,50,11,5.45,https://bricked.ai/best/cma-software,0,0,0.00,0.66,96,"6, 14, 14, 10, 10, 10, 10, 8, 8, 8, 6, 8",2026-08-17,"Reviews, Video, Ads top, Ads bottom, Video Carousel, Related searches, AI overview",commercial,Organic
realtor cma software,34,34,30,24,10.22,https://bricked.ai/best/cma-software-for-real-estate-agents,0,0,0.00,0.68,114,"0, 100, 80, 80, 100, 80, 80, 60, 80, 60, 40, 60",2026-08-18,"Reviews, Video, People also ask, Related searches, AI overview",informational,Organic
propstream alternative,16,16,260,15,8.49,https://bricked.ai/alternatives/propstream-alternatives,0,0,0.00,0.73,113,"4, 7, 8, 13, 16, 13, 24, 13, 13, 10, 8, 8",2026-09-20,"Video, Video Carousel, People also ask, Related searches, AI overview",informational,Organic
propstream competitors,34,34,210,15,9.09,https://bricked.ai/alternatives/propstream-alternatives,0,0,0.00,0.51,152,"35, 53, 53, 43, 53, 66, 100, 43, 43, 28, 35, 43",2026-08-11,"Sitelinks, Video, Video Carousel, People also ask, Related searches, AI overview",informational,Organic
free cma generator,56,56,140,7,3.14,https://bricked.ai/best/cma-software-for-real-estate-agents,0,0,0.00,0.99,113,"26, 53, 53, 53, 65, 65, 42, 42, 53, 53, 53, 53",2026-08-28,"Reviews, Video, People also ask, Related searches, AI overview","commercial, informational",Organic
real estate flipping software,52,52,320,10,7.51,https://bricked.ai/best,0,0,0.00,0.23,111,"17, 82, 82, 82, 66, 82, 82, 100, 82, 100, 82, 82",2026-08-11,"Sitelinks, Reviews, Video, Ads top, Ads bottom, Video Carousel, People also ask, Related searches, AI overview",informational,Organic
batchleads alternative,23,23,40,10,15.09,https://bricked.ai/alternatives/batchleads-alternatives,0,0,0.00,0.86,105,"22, 22, 100, 22, 22, 100, 44, 22, 22, 33, 33, 33",2026-09-13,"Reviews, Video, People also ask, Related searches, AI overview","commercial, informational",Organic
brico ai,37,37,30,23,11.84,https://bricked.ai/,0,0,0.00,0.33,0,"14, 14, 14, 14, 14, 21, 7, 21, 14, 14, 100, 35",2026-08-18,"Sitelinks, Reviews, Video, Ads top, Ads bottom, Related searches",navigational,Organic
arv calculator free,18,18,110,2,2.48,https://bricked.ai/best/arv-calculators-for-real-estate-investors,0,0,0.00,0.71,106,"23, 23, 33, 23, 52, 100, 52, 80, 66, 66, 80, 52",2026-08-28,"Reviews, Video, People also ask, Related searches, AI overview",commercial,Organic
brickwise ai,45,45,210,25,9.50,https://bricked.ai/,0,0,0.00,0.3,103,"0, 0, 0, 1, 1, 100, 13, 1, 8, 5, 1, 1",2026-09-04,"Sitelinks, Reviews, Video, Related searches",navigational,Organic
briced,68,68,210,12,0.00,https://bricked.ai/,0,0,0.00,0.33,75000,"0, 2, 24, 0, 0, 1, 2, 2, 1, 2, 0, 1",2026-09-14,"Sitelinks, Reviews, Video, AI overview",navigational,Organic
buyerbridgeai,18,18,170,32,9.52,https://bricked.ai/,0,0,0.00,0.37,106,"0, 0, 0, 0, 0, 1, 3, 100, 1, 1, 1, 1",2026-08-05,"Sitelinks, Reviews, Video, Video Carousel, People also ask, Related searches",navigational,Organic
arv cost,22,22,90,13,7.17,https://bricked.ai/best/arv-calculators-for-acquisition-teams,0,0,0.00,0.25,129,"100, 100, 29, 41, 52, 41, 52, 64, 41, 52, 64, 64",2026-09-07,"Reviews, Video, Video Carousel, People also ask, Related searches, AI overview",informational,Organic
best cma for realtors,28,28,50,23,11.37,https://bricked.ai/best/cma-software-for-real-estate-agents,0,0,0.00,0.74,91,"28, 100, 100, 100, 71, 71, 71, 71, 57, 71, 71, 71",2026-08-20,"Sitelinks, Reviews, Video, Ads bottom, People also ask, Related searches, Discussions and forums, AI overview",commercial,Organic
brick data,46,46,50,15,6.27,https://bricked.ai/,0,0,0.00,0.18,122,"45, 18, 18, 18, 18, 18, 100, 100, 100, 18, 18, 63",2026-09-12,"Sitelinks, Reviews, Video, Image, People also ask, Related searches, AI overview",informational,Organic
brick data,52,52,50,15,6.27,https://bricked.ai/,0,0,0.00,0.18,122,"45, 18, 18, 18, 18, 18, 100, 100, 100, 18, 18, 63",2026-09-12,"Sitelinks, Reviews, Video, Image, People also ask, Related searches, AI overview",informational,Organic
best house flipping software,23,23,170,15,4.26,https://bricked.ai/best/house-flipping-software,0,0,0.00,0.16,173,"6, 53, 65, 43, 53, 53, 100, 100, 53, 53, 53, 53",2026-09-03,"Sitelinks, Reviews, Video, Video Carousel, People also ask, Popular products, Related searches, Discussions and forums, AI overview",commercial,Organic
real estate comps software,22,22,40,17,0.00,https://bricked.ai/best/comping-software-for-real-estate-investors,0,0,0.00,0.12,112,"14, 78, 78, 28, 14, 14, 35, 21, 14, 21, 21, 14",2026-08-24,"Sitelinks, Reviews, Video, Ads bottom, Video Carousel, People also ask, Related searches, Discussions and forums, AI overview",informational,Organic
cma reports,50,50,30,21,3.06,https://bricked.ai/features/cma-reports,0,0,0.00,0.37,90,"100, 33, 33, 22, 22, 22, 22, 22, 22, 22, 22, 33",2026-07-29,"Sitelinks, Reviews, Video, Video Carousel, People also ask, Related searches, AI overview",informational,Organic
chatarv ai,15,15,110,20,8.51,https://bricked.ai/alternatives/chatarv-alternatives,0,0,0.00,0.06,108,"0, 1, 100, 19, 23, 9, 2, 0, 9, 19, 2, 0",2026-08-02,"Sitelinks, Video, People also ask, Related searches",navigational,Organic
chatarv ai,36,36,110,20,8.51,https://bricked.ai/versus/bricked-vs-chatarv,0,0,0.00,0.06,108,"0, 1, 100, 19, 23, 9, 2, 0, 9, 19, 2, 0",2026-08-02,"Sitelinks, Video, People also ask, Related searches",navigational,Organic
comparative market analysis software,42,42,110,22,7.57,https://bricked.ai/best/cma-software-for-real-estate-agents,0,0,0.00,0.66,118,"17, 82, 82, 82, 100, 100, 82, 82, 52, 41, 41, 29",2026-09-01,"Sitelinks, Reviews, Video, Video Carousel, People also ask, Related searches, AI overview",informational,Organic
house flip software,34,34,320,11,4.74,https://bricked.ai/best/house-flipping-software,0,0,0.00,0.21,182,"10, 66, 66, 66, 66, 82, 100, 100, 100, 100, 82, 100",2026-08-12,"Sitelinks, Reviews, Video, People also ask, Related searches, AI overview",informational,Organic
cma software,25,25,140,30,5.62,https://bricked.ai/best/cma-software,0,0,0.00,0.66,95,"80, 66, 66, 80, 80, 100, 80, 66, 66, 66, 52, 52",2026-08-11,"Sitelinks, Reviews, Video, Video Carousel, People also ask, Related searches, AI overview",informational,Organic
home repair estimator app,61,61,50,21,5.01,https://bricked.ai/best/repair-estimate-software,0,0,0.00,0.71,147,"21, 28, 35, 14, 100, 28, 21, 21, 14, 78, 28, 14",2026-08-25,"Reviews, Video, People also ask, Related searches, Discussions and forums, AI overview",commercial,Organic
best software for flipping houses,18,18,40,10,0.00,https://bricked.ai/best/house-flipping-software,0,0,0.00,0,82,"19, 23, 14, 19, 19, 14, 23, 23, 23, 19, 19, 4",2026-09-13,"Sitelinks, Reviews, Video, People also ask, Related searches, AI overview",commercial,Organic
brickanta company,75,75,90,12,0.00,https://bricked.ai/,0,0,0.00,0,112,"0, 0, 100, 6, 0, 2",2026-08-12,"Video, Related searches, AI overview",informational,Organic
cma for realtors,50,50,90,28,5.23,https://bricked.ai/best/cma-software-for-real-estate-agents,0,0,0.00,0.16,118,"6, 9, 12, 9, 12, 15, 100, 12, 100, 12, 9, 9",2026-08-30,"Reviews, Video, Video Carousel, People also ask, Related searches, AI overview","commercial, informational",Organic
broke ai,59,59,90,12,5.53,https://bricked.ai/,0,0,0.00,0.1,129,"11, 100, 11, 82, 11, 11, 52, 41, 82, 82, 100, 64",2026-08-11,"Video, Video Carousel, People also ask, Related searches, Discussions and forums, AI overview",informational,Organic
brick ai,26,26,260,38,9.67,https://bricked.ai/,0,0,0.00,0.2,124,"54, 35, 35, 43, 66, 54, 35, 43, 54, 100, 43, 81",2026-08-17,"Reviews, Video, People also ask, Related searches, AI overview",informational,Organic
best cma software for realtors,37,37,140,22,13.23,https://bricked.ai/best/cma-software-for-real-estate-agents,0,0,0.00,0.82,117,"34, 65, 65, 53, 65, 65, 53, 65, 53, 53, 34, 26",2026-09-03,"Sitelinks, Video, Video Carousel, People also ask, Related searches, AI overview",commercial,Organic
best cma software for realtors,45,45,140,22,13.23,https://bricked.ai/best/cma-software-for-real-estate-agents,0,0,0.00,0.82,117,"34, 65, 65, 53, 65, 65, 53, 65, 53, 53, 34, 26",2026-09-03,"Sitelinks, Video, Video Carousel, People also ask, Related searches, AI overview",commercial,Organic
privy alternatives,15,15,90,11,13.15,https://bricked.ai/alternatives/privy-alternatives,0,0,0.00,0.58,99,"100, 78, 78, 28, 28, 64, 78, 50, 78, 28, 78, 50",2026-09-13,"Sitelinks, Reviews, People also ask, Related searches, AI overview",informational,Organic
alternative to mls,32,32,40,6,4.02,https://bricked.ai/alternatives/local-mls-alternatives,0,0,0.00,0.3,131,"33, 23, 9, 9, 9, 9, 23, 14, 9, 9, 14, 33",2026-08-20,"Sitelinks, Reviews, Video, People also ask, Related searches, Discussions and forums, AI overview",informational,Organic
comparative market analysis software for realtors,39,39,40,20,9.24,https://bricked.ai/best/cma-software-for-real-estate-agents,0,0,0.00,0.7,119,"8, 8, 6, 6, 8, 6, 6, 5, 6, 6, 6, 5",2026-09-13,"Sitelinks, Reviews, Video, People also ask, Related searches, AI overview",informational,Organic
privy alternative,19,19,40,9,35.50,https://bricked.ai/alternatives/privy-alternatives,0,0,0.00,0.33,100,"28, 100, 100, 71, 42, 0, 71, 71, 57, 28, 42, 57",2026-08-25,"Sitelinks, Reviews, Video, People also ask, Related searches, AI overview",informational,Organic
privy alternative,20,20,40,9,35.50,https://bricked.ai/alternatives/privy-alternatives,0,0,0.00,0.33,100,"28, 100, 100, 71, 42, 0, 71, 71, 57, 28, 42, 57",2026-08-25,"Sitelinks, Reviews, Video, People also ask, Related searches, AI overview",informational,Organic
ai cma,52,52,30,19,4.77,https://bricked.ai/features/cma-reports,0,0,0.00,0.44,103,"100, 18, 36, 18, 18, 27, 18, 18, 63, 18, 18, 18",2026-07-29,"Reviews, Video, Video Carousel, People also ask, Related searches, AI overview",informational,Organic
best real estate cma software,18,18,50,22,0.00,https://bricked.ai/best/cma-software-for-real-estate-agents,0,0,0.00,0.36,119,"22, 55, 55, 77, 55, 100, 44, 77, 55, 77, 55, 44",2026-08-25,"Reviews, Video, People also ask, Related searches, AI overview",commercial,Organic
propstream alternatives,16,16,210,17,9.11,https://bricked.ai/alternatives/propstream-alternatives,0,0,0.00,0.71,117,"22, 66, 54, 43, 54, 66, 66, 43, 54, 43, 14, 35",2026-08-31,"Video, People also ask, Related searches, AI overview","commercial, informational",Organic
sites like propstream,31,31,30,11,17.88,https://bricked.ai/alternatives/propstream-alternatives,0,0,0.00,0.77,100,"28, 42, 71, 28, 42, 57, 42, 28, 28, 28, 28, 28",2026-08-20,"Sitelinks, Video, People also ask, Related searches, AI overview",informational,Organic
bricks ai,43,43,590,16,13.31,https://bricked.ai/,0,0,0.00,0.22,104,"55, 100, 55, 55, 45, 30, 36, 30, 45, 45, 30, 24",2026-09-17,"Sitelinks, Reviews, Video, People also ask, Related searches, AI overview","navigational, transactional",Organic
brikd,1,1,110,24,1.03,https://bricked.ai/,0,0,0.00,0.57,105,"0, 0, 0, 67, 0, 54, 19, 0, 0, 0, 0, 0",2026-09-13,"Reviews, Video, People also ask, Related searches, AI overview",informational,AI overview
brikd,14,14,110,24,1.03,https://bricked.ai/,0,0,0.00,0.57,105,"0, 0, 0, 67, 0, 54, 19, 0, 0, 0, 0, 0",2026-09-13,"Reviews, Video, People also ask, Related searches, AI overview",informational,Organic
buyer bridge ai,37,37,170,24,10.17,https://bricked.ai/,0,0,0.00,0.51,115,"0, 0, 0, 0, 3, 35, 28, 100, 54, 35, 66, 44",2026-09-12,"Video, Video Carousel, People also ask, Related searches, AI overview",informational,Organic
real estate comp generator,26,26,40,14,8.41,https://bricked.ai/best/comping-software-for-real-estate-agents,0,0,0.00,0.35,115,"12, 15, 9, 15, 15, 9, 12, 9, 9, 12, 9, 6",2026-09-13,"Sitelinks, Reviews, Video, People also ask, Related searches, AI overview",informational,Organic
best cma software,20,20,90,23,16.31,https://bricked.ai/best/cma-software-for-real-estate-investors,0,0,0.00,0.76,100,"18, 100, 100, 63, 81, 100, 100, 100, 81, 63, 81, 45",2026-08-20,"Sitelinks, Reviews, Video, Video Carousel, People also ask, Related searches, AI overview",commercial,Organic
real estate comp software,12,12,30,20,9.49,https://bricked.ai/best/comping-software,0,0,0.00,0.77,115,"45, 36, 18, 18, 18, 18, 18, 27, 27, 36, 18, 9",2026-09-13,"Sitelinks, Reviews, Video, Video Carousel, People also ask, Related searches, AI overview",informational,Organic
chatarv.ai,98,98,210,27,24.79,https://bricked.ai/best/deal-analysis-software-for-real-estate-investors,0,0,0.00,0.1,4210,"100, 54, 100, 3, 3, 3, 15, 18, 35, 3, 23, 28",2026-09-17,"Sitelinks, Reviews, Video, People also ask, AI overview",navigational,Organic
cma software for realtors,42,42,140,22,10.22,https://bricked.ai/best/cma-software-for-real-estate-agents,0,0,0.00,0.68,114,"42, 80, 100, 52, 80, 80, 80, 80, 80, 66, 52, 33",2026-08-10,"Sitelinks, Reviews, Video, People also ask, Related searches, AI overview","commercial, informational",Organic
free cma tool,59,59,70,7,4.23,https://bricked.ai/best/cma-software-for-real-estate-agents,0,0,0.00,0.8,121,"50, 64, 50, 50, 64, 50, 35, 35, 50, 50, 64, 50",2026-09-16,"Sitelinks, Reviews, Video, Video Carousel, People also ask, Related searches, AI overview","commercial, informational",Organic
propstream free alternative,16,16,260,13,5.66,https://bricked.ai/alternatives/propstream-alternatives,0,0,0.00,0.61,117,"43, 66, 100, 82, 82, 82, 23, 100, 35, 35, 66, 35",2026-08-28,"Video, People also ask, Related searches, AI overview",informational,Organic
flipping houses software,24,24,50,9,4.74,https://bricked.ai/best/house-flipping-software,0,0,0.00,0.21,117,"14, 21, 28, 14, 28, 35, 64, 100, 28, 21, 35, 28",2026-08-18,"Sitelinks, Reviews, Video, Video Carousel, People also ask, Related searches, AI overview",informational,Organic
best cma,45,45,50,29,10.68,https://bricked.ai/best/cma-software,0,0,0.00,0.14,124,"7, 19, 26, 19, 34, 26, 19, 19, 15, 11, 15, 19",2026-08-20,"Sitelinks, Reviews, Video, Video Carousel, People also ask, Related searches, Discussions and forums, AI overview",commercial,Organic
brickanta,62,62,70,18,0.00,https://bricked.ai/,0,0,0.00,0.04,108,"0, 0, 12, 6, 6, 6, 6, 100, 100, 34, 21, 6",2026-09-02,"Knowledge panel, Sitelinks, Reviews, Video, Video Carousel, People also ask, Related searches",navigational,Organic
deal analyzer software,22,22,50,15,0.00,https://bricked.ai/best/deal-analysis-software-for-real-estate-agents,0,0,0.00,0.33,100,"11, 29, 29, 29, 29, 29, 29, 41, 23, 17, 23, 29",2026-08-26,"Reviews, Video, People also ask, Related searches, AI overview",commercial,Organic
deal analyzer software,30,30,50,15,0.00,https://bricked.ai/best/deal-analysis-software-for-real-estate-agents,0,0,0.00,0.33,100,"11, 29, 29, 29, 29, 29, 29, 41, 23, 17, 23, 29",2026-08-26,"Reviews, Video, People also ask, Related searches, AI overview",commercial,Organic
chartarv,13,13,70,20,4.35,https://bricked.ai/alternatives/chatarv-alternatives,0,0,0.00,0.22,107,"0, 0, 0, 0, 100, 1, 0, 0, 0, 0",2026-09-06,"Sitelinks, Reviews, Video, Video Carousel, People also ask, Related searches",navigational,Organic
chartarv,41,41,70,20,4.35,https://bricked.ai/versus/bricked-vs-chatarv,0,0,0.00,0.22,107,"0, 0, 0, 0, 100, 1, 0, 0, 0, 0",2026-09-06,"Sitelinks, Reviews, Video, Video Carousel, People also ask, Related searches",navigational,Organic
