Keyword,Intents,Volume,Keyword Difficulty,CPC,Competition Density,bricked.ai,dealcheck.io,housecanary.com,bricked.ai (pages),dealcheck.io (pages),housecanary.com (pages),Results
real estate flipping software,Informational,320,10,7.51,0.23,52,5,25,https://bricked.ai/best,https://dealcheck.io/features/house-flipping-calculator/,https://www.housecanary.com/blog/real-estate-investment-software,111
best house flipping software,Commercial,170,15,4.26,0.16,23,6,45,https://bricked.ai/best/house-flipping-software,https://dealcheck.io/features/house-flipping-calculator/,https://www.housecanary.com/blog/real-estate-investment-software,173
arv cost,Informational,90,13,7.17,0.25,22,57,29,https://bricked.ai/best/arv-calculators-for-acquisition-teams,https://help.dealcheck.io/en/articles/3591359-calculated-arv-estimate,https://www.housecanary.com/blog/arv,129
home flipping software,Informational,90,9,4.89,0.27,10,6,25,https://bricked.ai/best/house-flipping-software,https://dealcheck.io/features/house-flipping-calculator/,https://www.housecanary.com/blog/real-estate-investment-software,174
deal analyzer software,Commercial,50,15,0.00,0.33,22,1,13,https://bricked.ai/best/deal-analysis-software-for-real-estate-agents,https://dealcheck.io/,https://www.housecanary.com/blog/real-estate-investment-software,100
best software for flipping houses,Commercial,40,10,0.00,0.00,18,7,27,https://bricked.ai/best/house-flipping-software,https://dealcheck.io/features/house-flipping-calculator/,https://www.housecanary.com/blog/real-estate-investment-software,82
best software for house flippers,Commercial,40,11,0.00,0.00,27,9,47,https://bricked.ai/best/house-flipping-software,https://dealcheck.io/features/house-flipping-calculator/,https://www.housecanary.com/blog/real-estate-investment-software,170
software for flipping houses,Informational,40,10,4.89,0.27,17,7,33,https://bricked.ai/best/house-flipping-software,https://dealcheck.io/features/house-flipping-calculator/,https://www.housecanary.com/blog/real-estate-investment-software,113
real estate comp software,Informational,30,20,9.49,0.77,12,5,16,https://bricked.ai/best/comping-software,https://dealcheck.io/,https://www.housecanary.com/blog/real-estate-investment-software,115
